<!DOCTYPE qgis_style>
<qgis_style version="2">
  <symbols>
    <symbol clip_to_extent="1" force_rhr="0" type="marker" alpha="1" name="Arco de riego" tags="Riego">
      <layer enabled="1" class="SimpleMarker" pass="0" locked="0">
        <prop k="angle" v="180"/>
        <prop k="color" v="255,0,0,255"/>
        <prop k="horizontal_anchor_point" v="1"/>
        <prop k="joinstyle" v="bevel"/>
        <prop k="name" v="line"/>
        <prop k="offset" v="5.12500000000000089,-0.87499999999999967"/>
        <prop k="offset_map_unit_scale" v="3x:0,0,0,0,0,0"/>
        <prop k="offset_unit" v="MM"/>
        <prop k="outline_color" v="35,35,35,255"/>
        <prop k="outline_style" v="solid"/>
        <prop k="outline_width" v="0"/>
        <prop k="outline_width_map_unit_scale" v="3x:0,0,0,0,0,0"/>
        <prop k="outline_width_unit" v="MM"/>
        <prop k="scale_method" v="diameter"/>
        <prop k="size" v="1.875"/>
        <prop k="size_map_unit_scale" v="3x:0,0,0,0,0,0"/>
        <prop k="size_unit" v="MM"/>
        <prop k="vertical_anchor_point" v="1"/>
        <data_defined_properties>
          <Option type="Map">
            <Option type="QString" value="" name="name"/>
            <Option name="properties"/>
            <Option type="QString" value="collection" name="type"/>
          </Option>
        </data_defined_properties>
      </layer>
      <layer enabled="1" class="SimpleMarker" pass="0" locked="0">
        <prop k="angle" v="0"/>
        <prop k="color" v="255,0,0,255"/>
        <prop k="horizontal_anchor_point" v="1"/>
        <prop k="joinstyle" v="bevel"/>
        <prop k="name" v="line"/>
        <prop k="offset" v="5.12500000000000178,0.87499999999999967"/>
        <prop k="offset_map_unit_scale" v="3x:0,0,0,0,0,0"/>
        <prop k="offset_unit" v="MM"/>
        <prop k="outline_color" v="35,35,35,255"/>
        <prop k="outline_style" v="solid"/>
        <prop k="outline_width" v="0"/>
        <prop k="outline_width_map_unit_scale" v="3x:0,0,0,0,0,0"/>
        <prop k="outline_width_unit" v="MM"/>
        <prop k="scale_method" v="diameter"/>
        <prop k="size" v="1.875"/>
        <prop k="size_map_unit_scale" v="3x:0,0,0,0,0,0"/>
        <prop k="size_unit" v="MM"/>
        <prop k="vertical_anchor_point" v="1"/>
        <data_defined_properties>
          <Option type="Map">
            <Option type="QString" value="" name="name"/>
            <Option name="properties"/>
            <Option type="QString" value="collection" name="type"/>
          </Option>
        </data_defined_properties>
      </layer>
      <layer enabled="1" class="SimpleMarker" pass="0" locked="0">
        <prop k="angle" v="90"/>
        <prop k="color" v="255,0,0,255"/>
        <prop k="horizontal_anchor_point" v="1"/>
        <prop k="joinstyle" v="bevel"/>
        <prop k="name" v="line"/>
        <prop k="offset" v="0,-3.75"/>
        <prop k="offset_map_unit_scale" v="3x:0,0,0,0,0,0"/>
        <prop k="offset_unit" v="MM"/>
        <prop k="outline_color" v="0,0,0,255"/>
        <prop k="outline_style" v="solid"/>
        <prop k="outline_width" v="0"/>
        <prop k="outline_width_map_unit_scale" v="3x:0,0,0,0,0,0"/>
        <prop k="outline_width_unit" v="MM"/>
        <prop k="scale_method" v="diameter"/>
        <prop k="size" v="2.5"/>
        <prop k="size_map_unit_scale" v="3x:0,0,0,0,0,0"/>
        <prop k="size_unit" v="MM"/>
        <prop k="vertical_anchor_point" v="1"/>
        <data_defined_properties>
          <Option type="Map">
            <Option type="QString" value="" name="name"/>
            <Option name="properties"/>
            <Option type="QString" value="collection" name="type"/>
          </Option>
        </data_defined_properties>
      </layer>
      <layer enabled="1" class="SimpleMarker" pass="0" locked="0">
        <prop k="angle" v="90"/>
        <prop k="color" v="255,0,0,255"/>
        <prop k="horizontal_anchor_point" v="1"/>
        <prop k="joinstyle" v="bevel"/>
        <prop k="name" v="line"/>
        <prop k="offset" v="0,3.75"/>
        <prop k="offset_map_unit_scale" v="3x:0,0,0,0,0,0"/>
        <prop k="offset_unit" v="MM"/>
        <prop k="outline_color" v="0,0,0,255"/>
        <prop k="outline_style" v="solid"/>
        <prop k="outline_width" v="0"/>
        <prop k="outline_width_map_unit_scale" v="3x:0,0,0,0,0,0"/>
        <prop k="outline_width_unit" v="MM"/>
        <prop k="scale_method" v="diameter"/>
        <prop k="size" v="2.5"/>
        <prop k="size_map_unit_scale" v="3x:0,0,0,0,0,0"/>
        <prop k="size_unit" v="MM"/>
        <prop k="vertical_anchor_point" v="1"/>
        <data_defined_properties>
          <Option type="Map">
            <Option type="QString" value="" name="name"/>
            <Option name="properties"/>
            <Option type="QString" value="collection" name="type"/>
          </Option>
        </data_defined_properties>
      </layer>
      <layer enabled="1" class="SimpleMarker" pass="0" locked="0">
        <prop k="angle" v="270"/>
        <prop k="color" v="255,255,255,255"/>
        <prop k="horizontal_anchor_point" v="1"/>
        <prop k="joinstyle" v="bevel"/>
        <prop k="name" v="triangle"/>
        <prop k="offset" v="0,1.18622448979591777"/>
        <prop k="offset_map_unit_scale" v="3x:0,0,0,0,0,0"/>
        <prop k="offset_unit" v="MM"/>
        <prop k="outline_color" v="35,35,35,255"/>
        <prop k="outline_style" v="solid"/>
        <prop k="outline_width" v="0"/>
        <prop k="outline_width_map_unit_scale" v="3x:0,0,0,0,0,0"/>
        <prop k="outline_width_unit" v="MM"/>
        <prop k="scale_method" v="diameter"/>
        <prop k="size" v="2.37245"/>
        <prop k="size_map_unit_scale" v="3x:0,0,0,0,0,0"/>
        <prop k="size_unit" v="MM"/>
        <prop k="vertical_anchor_point" v="1"/>
        <data_defined_properties>
          <Option type="Map">
            <Option type="QString" value="" name="name"/>
            <Option name="properties"/>
            <Option type="QString" value="collection" name="type"/>
          </Option>
        </data_defined_properties>
      </layer>
      <layer enabled="1" class="SimpleMarker" pass="0" locked="0">
        <prop k="angle" v="90"/>
        <prop k="color" v="255,255,255,255"/>
        <prop k="horizontal_anchor_point" v="1"/>
        <prop k="joinstyle" v="bevel"/>
        <prop k="name" v="triangle"/>
        <prop k="offset" v="0,1.18622448979591777"/>
        <prop k="offset_map_unit_scale" v="3x:0,0,0,0,0,0"/>
        <prop k="offset_unit" v="MM"/>
        <prop k="outline_color" v="0,0,0,255"/>
        <prop k="outline_style" v="solid"/>
        <prop k="outline_width" v="0"/>
        <prop k="outline_width_map_unit_scale" v="3x:0,0,0,0,0,0"/>
        <prop k="outline_width_unit" v="MM"/>
        <prop k="scale_method" v="diameter"/>
        <prop k="size" v="2.37245"/>
        <prop k="size_map_unit_scale" v="3x:0,0,0,0,0,0"/>
        <prop k="size_unit" v="MM"/>
        <prop k="vertical_anchor_point" v="1"/>
        <data_defined_properties>
          <Option type="Map">
            <Option type="QString" value="" name="name"/>
            <Option name="properties"/>
            <Option type="QString" value="collection" name="type"/>
          </Option>
        </data_defined_properties>
      </layer>
    </symbol>
    <symbol clip_to_extent="1" force_rhr="0" type="marker" alpha="1" name="Caudalímetro" tags="Riego">
      <layer enabled="1" class="SimpleMarker" pass="0" locked="0">
        <prop k="angle" v="90"/>
        <prop k="color" v="255,255,255,255"/>
        <prop k="horizontal_anchor_point" v="1"/>
        <prop k="joinstyle" v="bevel"/>
        <prop k="name" v="hexagon"/>
        <prop k="offset" v="0,0"/>
        <prop k="offset_map_unit_scale" v="3x:0,0,0,0,0,0"/>
        <prop k="offset_unit" v="MM"/>
        <prop k="outline_color" v="0,0,0,255"/>
        <prop k="outline_style" v="solid"/>
        <prop k="outline_width" v="0"/>
        <prop k="outline_width_map_unit_scale" v="3x:0,0,0,0,0,0"/>
        <prop k="outline_width_unit" v="MM"/>
        <prop k="scale_method" v="diameter"/>
        <prop k="size" v="4.5"/>
        <prop k="size_map_unit_scale" v="3x:0,0,0,0,0,0"/>
        <prop k="size_unit" v="MM"/>
        <prop k="vertical_anchor_point" v="1"/>
        <data_defined_properties>
          <Option type="Map">
            <Option type="QString" value="" name="name"/>
            <Option name="properties"/>
            <Option type="QString" value="collection" name="type"/>
          </Option>
        </data_defined_properties>
      </layer>
      <layer enabled="1" class="SimpleMarker" pass="0" locked="0">
        <prop k="angle" v="270"/>
        <prop k="color" v="0,0,0,255"/>
        <prop k="horizontal_anchor_point" v="1"/>
        <prop k="joinstyle" v="bevel"/>
        <prop k="name" v="circle"/>
        <prop k="offset" v="0,0"/>
        <prop k="offset_map_unit_scale" v="3x:0,0,0,0,0,0"/>
        <prop k="offset_unit" v="MM"/>
        <prop k="outline_color" v="35,35,35,255"/>
        <prop k="outline_style" v="solid"/>
        <prop k="outline_width" v="0"/>
        <prop k="outline_width_map_unit_scale" v="3x:0,0,0,0,0,0"/>
        <prop k="outline_width_unit" v="MM"/>
        <prop k="scale_method" v="diameter"/>
        <prop k="size" v="1.5"/>
        <prop k="size_map_unit_scale" v="3x:0,0,0,0,0,0"/>
        <prop k="size_unit" v="MM"/>
        <prop k="vertical_anchor_point" v="1"/>
        <data_defined_properties>
          <Option type="Map">
            <Option type="QString" value="" name="name"/>
            <Option name="properties"/>
            <Option type="QString" value="collection" name="type"/>
          </Option>
        </data_defined_properties>
      </layer>
      <layer enabled="1" class="SimpleMarker" pass="0" locked="0">
        <prop k="angle" v="90"/>
        <prop k="color" v="255,0,0,255"/>
        <prop k="horizontal_anchor_point" v="1"/>
        <prop k="joinstyle" v="bevel"/>
        <prop k="name" v="line"/>
        <prop k="offset" v="0,0"/>
        <prop k="offset_map_unit_scale" v="3x:0,0,0,0,0,0"/>
        <prop k="offset_unit" v="MM"/>
        <prop k="outline_color" v="0,0,0,255"/>
        <prop k="outline_style" v="solid"/>
        <prop k="outline_width" v="0"/>
        <prop k="outline_width_map_unit_scale" v="3x:0,0,0,0,0,0"/>
        <prop k="outline_width_unit" v="MM"/>
        <prop k="scale_method" v="diameter"/>
        <prop k="size" v="3"/>
        <prop k="size_map_unit_scale" v="3x:0,0,0,0,0,0"/>
        <prop k="size_unit" v="MM"/>
        <prop k="vertical_anchor_point" v="1"/>
        <data_defined_properties>
          <Option type="Map">
            <Option type="QString" value="" name="name"/>
            <Option name="properties"/>
            <Option type="QString" value="collection" name="type"/>
          </Option>
        </data_defined_properties>
      </layer>
    </symbol>
    <symbol clip_to_extent="1" force_rhr="0" type="marker" alpha="1" name="Filtro de anillos" tags="Riego">
      <layer enabled="1" class="SimpleMarker" pass="0" locked="0">
        <prop k="angle" v="90"/>
        <prop k="color" v="133,182,111,255"/>
        <prop k="horizontal_anchor_point" v="1"/>
        <prop k="joinstyle" v="bevel"/>
        <prop k="name" v="line"/>
        <prop k="offset" v="0,0"/>
        <prop k="offset_map_unit_scale" v="3x:0,0,0,0,0,0"/>
        <prop k="offset_unit" v="MM"/>
        <prop k="outline_color" v="35,35,35,255"/>
        <prop k="outline_style" v="solid"/>
        <prop k="outline_width" v="0.4"/>
        <prop k="outline_width_map_unit_scale" v="3x:0,0,0,0,0,0"/>
        <prop k="outline_width_unit" v="MM"/>
        <prop k="scale_method" v="diameter"/>
        <prop k="size" v="4"/>
        <prop k="size_map_unit_scale" v="3x:0,0,0,0,0,0"/>
        <prop k="size_unit" v="MM"/>
        <prop k="vertical_anchor_point" v="1"/>
        <data_defined_properties>
          <Option type="Map">
            <Option type="QString" value="" name="name"/>
            <Option name="properties"/>
            <Option type="QString" value="collection" name="type"/>
          </Option>
        </data_defined_properties>
      </layer>
      <layer enabled="1" class="SimpleMarker" pass="0" locked="0">
        <prop k="angle" v="0"/>
        <prop k="color" v="255,255,255,255"/>
        <prop k="horizontal_anchor_point" v="1"/>
        <prop k="joinstyle" v="bevel"/>
        <prop k="name" v="half_square"/>
        <prop k="offset" v="1,-2.20000000000000018"/>
        <prop k="offset_map_unit_scale" v="3x:0,0,0,0,0,0"/>
        <prop k="offset_unit" v="MM"/>
        <prop k="outline_color" v="35,35,35,255"/>
        <prop k="outline_style" v="solid"/>
        <prop k="outline_width" v="0"/>
        <prop k="outline_width_map_unit_scale" v="3x:0,0,0,0,0,0"/>
        <prop k="outline_width_unit" v="MM"/>
        <prop k="scale_method" v="diameter"/>
        <prop k="size" v="4"/>
        <prop k="size_map_unit_scale" v="3x:0,0,0,0,0,0"/>
        <prop k="size_unit" v="MM"/>
        <prop k="vertical_anchor_point" v="1"/>
        <data_defined_properties>
          <Option type="Map">
            <Option type="QString" value="" name="name"/>
            <Option name="properties"/>
            <Option type="QString" value="collection" name="type"/>
          </Option>
        </data_defined_properties>
      </layer>
    </symbol>
    <symbol clip_to_extent="1" force_rhr="0" type="marker" alpha="1" name="Filtro de mallas" tags="Riego">
      <layer enabled="1" class="SimpleMarker" pass="0" locked="0">
        <prop k="angle" v="90"/>
        <prop k="color" v="133,182,111,255"/>
        <prop k="horizontal_anchor_point" v="1"/>
        <prop k="joinstyle" v="bevel"/>
        <prop k="name" v="line"/>
        <prop k="offset" v="0,0"/>
        <prop k="offset_map_unit_scale" v="3x:0,0,0,0,0,0"/>
        <prop k="offset_unit" v="MM"/>
        <prop k="outline_color" v="35,35,35,255"/>
        <prop k="outline_style" v="solid"/>
        <prop k="outline_width" v="0.4"/>
        <prop k="outline_width_map_unit_scale" v="3x:0,0,0,0,0,0"/>
        <prop k="outline_width_unit" v="MM"/>
        <prop k="scale_method" v="diameter"/>
        <prop k="size" v="4"/>
        <prop k="size_map_unit_scale" v="3x:0,0,0,0,0,0"/>
        <prop k="size_unit" v="MM"/>
        <prop k="vertical_anchor_point" v="1"/>
        <data_defined_properties>
          <Option type="Map">
            <Option type="QString" value="" name="name"/>
            <Option name="properties"/>
            <Option type="QString" value="collection" name="type"/>
          </Option>
        </data_defined_properties>
      </layer>
      <layer enabled="1" class="SimpleMarker" pass="0" locked="0">
        <prop k="angle" v="0"/>
        <prop k="color" v="255,255,255,255"/>
        <prop k="horizontal_anchor_point" v="1"/>
        <prop k="joinstyle" v="bevel"/>
        <prop k="name" v="half_square"/>
        <prop k="offset" v="1,-2.20000000000000018"/>
        <prop k="offset_map_unit_scale" v="3x:0,0,0,0,0,0"/>
        <prop k="offset_unit" v="MM"/>
        <prop k="outline_color" v="35,35,35,255"/>
        <prop k="outline_style" v="no"/>
        <prop k="outline_width" v="0"/>
        <prop k="outline_width_map_unit_scale" v="3x:0,0,0,0,0,0"/>
        <prop k="outline_width_unit" v="MM"/>
        <prop k="scale_method" v="diameter"/>
        <prop k="size" v="4"/>
        <prop k="size_map_unit_scale" v="3x:0,0,0,0,0,0"/>
        <prop k="size_unit" v="MM"/>
        <prop k="vertical_anchor_point" v="1"/>
        <data_defined_properties>
          <Option type="Map">
            <Option type="QString" value="" name="name"/>
            <Option name="properties"/>
            <Option type="QString" value="collection" name="type"/>
          </Option>
        </data_defined_properties>
      </layer>
      <layer enabled="1" class="FilledMarker" pass="0" locked="0">
        <prop k="angle" v="0"/>
        <prop k="color" v="0,0,0,255"/>
        <prop k="horizontal_anchor_point" v="1"/>
        <prop k="name" v="half_square"/>
        <prop k="offset" v="1,-2.19999999999999973"/>
        <prop k="offset_map_unit_scale" v="3x:0,0,0,0,0,0"/>
        <prop k="offset_unit" v="MM"/>
        <prop k="scale_method" v="diameter"/>
        <prop k="size" v="4"/>
        <prop k="size_map_unit_scale" v="3x:0,0,0,0,0,0"/>
        <prop k="size_unit" v="MM"/>
        <prop k="vertical_anchor_point" v="1"/>
        <data_defined_properties>
          <Option type="Map">
            <Option type="QString" value="" name="name"/>
            <Option name="properties"/>
            <Option type="QString" value="collection" name="type"/>
          </Option>
        </data_defined_properties>
        <symbol clip_to_extent="1" force_rhr="0" type="fill" alpha="1" name="@Filtro de mallas@2">
          <layer enabled="1" class="SimpleFill" pass="0" locked="0">
            <prop k="border_width_map_unit_scale" v="3x:0,0,0,0,0,0"/>
            <prop k="color" v="0,0,0,255"/>
            <prop k="joinstyle" v="bevel"/>
            <prop k="offset" v="0,0"/>
            <prop k="offset_map_unit_scale" v="3x:0,0,0,0,0,0"/>
            <prop k="offset_unit" v="MM"/>
            <prop k="outline_color" v="35,35,35,255"/>
            <prop k="outline_style" v="solid"/>
            <prop k="outline_width" v="0"/>
            <prop k="outline_width_unit" v="MM"/>
            <prop k="style" v="dense5"/>
            <data_defined_properties>
              <Option type="Map">
                <Option type="QString" value="" name="name"/>
                <Option name="properties"/>
                <Option type="QString" value="collection" name="type"/>
              </Option>
            </data_defined_properties>
          </layer>
        </symbol>
      </layer>
    </symbol>
    <symbol clip_to_extent="1" force_rhr="0" type="marker" alpha="1" name="Torre piezométrica" tags="Riego">
      <layer enabled="1" class="SimpleMarker" pass="0" locked="0">
        <prop k="angle" v="0"/>
        <prop k="color" v="255,255,255,255"/>
        <prop k="horizontal_anchor_point" v="1"/>
        <prop k="joinstyle" v="bevel"/>
        <prop k="name" v="semi_circle"/>
        <prop k="offset" v="0,0"/>
        <prop k="offset_map_unit_scale" v="3x:0,0,0,0,0,0"/>
        <prop k="offset_unit" v="MM"/>
        <prop k="outline_color" v="0,0,0,255"/>
        <prop k="outline_style" v="solid"/>
        <prop k="outline_width" v="0"/>
        <prop k="outline_width_map_unit_scale" v="3x:0,0,0,0,0,0"/>
        <prop k="outline_width_unit" v="MM"/>
        <prop k="scale_method" v="diameter"/>
        <prop k="size" v="3"/>
        <prop k="size_map_unit_scale" v="3x:0,0,0,0,0,0"/>
        <prop k="size_unit" v="MM"/>
        <prop k="vertical_anchor_point" v="1"/>
        <data_defined_properties>
          <Option type="Map">
            <Option type="QString" value="" name="name"/>
            <Option name="properties"/>
            <Option type="QString" value="collection" name="type"/>
          </Option>
        </data_defined_properties>
      </layer>
      <layer enabled="1" class="SimpleMarker" pass="0" locked="0">
        <prop k="angle" v="0"/>
        <prop k="color" v="255,0,0,255"/>
        <prop k="horizontal_anchor_point" v="1"/>
        <prop k="joinstyle" v="bevel"/>
        <prop k="name" v="line"/>
        <prop k="offset" v="0,-2.28000000000000025"/>
        <prop k="offset_map_unit_scale" v="3x:0,0,0,0,0,0"/>
        <prop k="offset_unit" v="MM"/>
        <prop k="outline_color" v="35,35,35,255"/>
        <prop k="outline_style" v="solid"/>
        <prop k="outline_width" v="0"/>
        <prop k="outline_width_map_unit_scale" v="3x:0,0,0,0,0,0"/>
        <prop k="outline_width_unit" v="MM"/>
        <prop k="scale_method" v="diameter"/>
        <prop k="size" v="1.8"/>
        <prop k="size_map_unit_scale" v="3x:0,0,0,0,0,0"/>
        <prop k="size_unit" v="MM"/>
        <prop k="vertical_anchor_point" v="1"/>
        <data_defined_properties>
          <Option type="Map">
            <Option type="QString" value="" name="name"/>
            <Option name="properties"/>
            <Option type="QString" value="collection" name="type"/>
          </Option>
        </data_defined_properties>
      </layer>
      <layer enabled="1" class="SimpleMarker" pass="0" locked="0">
        <prop k="angle" v="0"/>
        <prop k="color" v="255,255,255,255"/>
        <prop k="horizontal_anchor_point" v="1"/>
        <prop k="joinstyle" v="bevel"/>
        <prop k="name" v="circle"/>
        <prop k="offset" v="0,-3.48000000000000176"/>
        <prop k="offset_map_unit_scale" v="3x:0,0,0,0,0,0"/>
        <prop k="offset_unit" v="MM"/>
        <prop k="outline_color" v="35,35,35,255"/>
        <prop k="outline_style" v="solid"/>
        <prop k="outline_width" v="0"/>
        <prop k="outline_width_map_unit_scale" v="3x:0,0,0,0,0,0"/>
        <prop k="outline_width_unit" v="MM"/>
        <prop k="scale_method" v="diameter"/>
        <prop k="size" v="1.2"/>
        <prop k="size_map_unit_scale" v="3x:0,0,0,0,0,0"/>
        <prop k="size_unit" v="MM"/>
        <prop k="vertical_anchor_point" v="1"/>
        <data_defined_properties>
          <Option type="Map">
            <Option type="QString" value="" name="name"/>
            <Option name="properties"/>
            <Option type="QString" value="collection" name="type"/>
          </Option>
        </data_defined_properties>
      </layer>
    </symbol>
    <symbol clip_to_extent="1" force_rhr="0" type="line" alpha="1" name="Tubería" tags="Riego">
      <layer enabled="1" class="SimpleLine" pass="0" locked="0">
        <prop k="capstyle" v="square"/>
        <prop k="customdash" v="5;2"/>
        <prop k="customdash_map_unit_scale" v="3x:0,0,0,0,0,0"/>
        <prop k="customdash_unit" v="MM"/>
        <prop k="draw_inside_polygon" v="0"/>
        <prop k="joinstyle" v="bevel"/>
        <prop k="line_color" v="0,0,255,255"/>
        <prop k="line_style" v="solid"/>
        <prop k="line_width" v="0.3"/>
        <prop k="line_width_unit" v="MM"/>
        <prop k="offset" v="0"/>
        <prop k="offset_map_unit_scale" v="3x:0,0,0,0,0,0"/>
        <prop k="offset_unit" v="MM"/>
        <prop k="ring_filter" v="0"/>
        <prop k="use_custom_dash" v="0"/>
        <prop k="width_map_unit_scale" v="3x:0,0,0,0,0,0"/>
        <data_defined_properties>
          <Option type="Map">
            <Option type="QString" value="" name="name"/>
            <Option name="properties"/>
            <Option type="QString" value="collection" name="type"/>
          </Option>
        </data_defined_properties>
      </layer>
      <layer enabled="1" class="MarkerLine" pass="0" locked="0">
        <prop k="average_angle_length" v="4"/>
        <prop k="average_angle_map_unit_scale" v="3x:0,0,0,0,0,0"/>
        <prop k="average_angle_unit" v="MM"/>
        <prop k="interval" v="3"/>
        <prop k="interval_map_unit_scale" v="3x:0,0,0,0,0,0"/>
        <prop k="interval_unit" v="MM"/>
        <prop k="offset" v="0"/>
        <prop k="offset_along_line" v="0"/>
        <prop k="offset_along_line_map_unit_scale" v="3x:0,0,0,0,0,0"/>
        <prop k="offset_along_line_unit" v="MM"/>
        <prop k="offset_map_unit_scale" v="3x:0,0,0,0,0,0"/>
        <prop k="offset_unit" v="MM"/>
        <prop k="placement" v="centralpoint"/>
        <prop k="ring_filter" v="0"/>
        <prop k="rotate" v="1"/>
        <data_defined_properties>
          <Option type="Map">
            <Option type="QString" value="" name="name"/>
            <Option name="properties"/>
            <Option type="QString" value="collection" name="type"/>
          </Option>
        </data_defined_properties>
        <symbol clip_to_extent="1" force_rhr="0" type="marker" alpha="1" name="@Tubería@1">
          <layer enabled="1" class="SimpleMarker" pass="0" locked="0">
            <prop k="angle" v="90"/>
            <prop k="color" v="0,0,255,255"/>
            <prop k="horizontal_anchor_point" v="1"/>
            <prop k="joinstyle" v="bevel"/>
            <prop k="name" v="left_half_triangle"/>
            <prop k="offset" v="0,0"/>
            <prop k="offset_map_unit_scale" v="3x:0,0,0,0,0,0"/>
            <prop k="offset_unit" v="MM"/>
            <prop k="outline_color" v="35,35,35,0"/>
            <prop k="outline_style" v="solid"/>
            <prop k="outline_width" v="0"/>
            <prop k="outline_width_map_unit_scale" v="3x:0,0,0,0,0,0"/>
            <prop k="outline_width_unit" v="MM"/>
            <prop k="scale_method" v="diameter"/>
            <prop k="size" v="1.2"/>
            <prop k="size_map_unit_scale" v="3x:0,0,0,0,0,0"/>
            <prop k="size_unit" v="MM"/>
            <prop k="vertical_anchor_point" v="1"/>
            <effect type="effectStack" enabled="1">
              <effect type="dropShadow">
                <prop k="blend_mode" v="13"/>
                <prop k="blur_level" v="2.645"/>
                <prop k="blur_unit" v="MM"/>
                <prop k="blur_unit_scale" v="3x:0,0,0,0,0,0"/>
                <prop k="color" v="0,0,0,255"/>
                <prop k="draw_mode" v="2"/>
                <prop k="enabled" v="0"/>
                <prop k="offset_angle" v="135"/>
                <prop k="offset_distance" v="2"/>
                <prop k="offset_unit" v="MM"/>
                <prop k="offset_unit_scale" v="3x:0,0,0,0,0,0"/>
                <prop k="opacity" v="1"/>
              </effect>
              <effect type="outerGlow">
                <prop k="blend_mode" v="0"/>
                <prop k="blur_level" v="1"/>
                <prop k="blur_unit" v="MM"/>
                <prop k="blur_unit_scale" v="3x:0,0,0,0,0,0"/>
                <prop k="color1" v="0,0,255,255"/>
                <prop k="color2" v="0,255,0,255"/>
                <prop k="color_type" v="0"/>
                <prop k="discrete" v="0"/>
                <prop k="draw_mode" v="2"/>
                <prop k="enabled" v="1"/>
                <prop k="opacity" v="0.5"/>
                <prop k="rampType" v="gradient"/>
                <prop k="single_color" v="255,255,255,255"/>
                <prop k="spread" v="1"/>
                <prop k="spread_unit" v="MM"/>
                <prop k="spread_unit_scale" v="3x:0,0,0,0,0,0"/>
              </effect>
              <effect type="drawSource">
                <prop k="blend_mode" v="0"/>
                <prop k="draw_mode" v="2"/>
                <prop k="enabled" v="1"/>
                <prop k="opacity" v="1"/>
              </effect>
              <effect type="innerShadow">
                <prop k="blend_mode" v="13"/>
                <prop k="blur_level" v="2.645"/>
                <prop k="blur_unit" v="MM"/>
                <prop k="blur_unit_scale" v="3x:0,0,0,0,0,0"/>
                <prop k="color" v="0,0,0,255"/>
                <prop k="draw_mode" v="2"/>
                <prop k="enabled" v="0"/>
                <prop k="offset_angle" v="135"/>
                <prop k="offset_distance" v="2"/>
                <prop k="offset_unit" v="MM"/>
                <prop k="offset_unit_scale" v="3x:0,0,0,0,0,0"/>
                <prop k="opacity" v="1"/>
              </effect>
              <effect type="innerGlow">
                <prop k="blend_mode" v="0"/>
                <prop k="blur_level" v="2.645"/>
                <prop k="blur_unit" v="MM"/>
                <prop k="blur_unit_scale" v="3x:0,0,0,0,0,0"/>
                <prop k="color1" v="0,0,255,255"/>
                <prop k="color2" v="0,255,0,255"/>
                <prop k="color_type" v="0"/>
                <prop k="discrete" v="0"/>
                <prop k="draw_mode" v="2"/>
                <prop k="enabled" v="0"/>
                <prop k="opacity" v="0.5"/>
                <prop k="rampType" v="gradient"/>
                <prop k="single_color" v="255,255,255,255"/>
                <prop k="spread" v="2"/>
                <prop k="spread_unit" v="MM"/>
                <prop k="spread_unit_scale" v="3x:0,0,0,0,0,0"/>
              </effect>
            </effect>
            <data_defined_properties>
              <Option type="Map">
                <Option type="QString" value="" name="name"/>
                <Option name="properties"/>
                <Option type="QString" value="collection" name="type"/>
              </Option>
            </data_defined_properties>
          </layer>
        </symbol>
      </layer>
      <layer enabled="1" class="MarkerLine" pass="0" locked="0">
        <prop k="average_angle_length" v="4"/>
        <prop k="average_angle_map_unit_scale" v="3x:0,0,0,0,0,0"/>
        <prop k="average_angle_unit" v="MM"/>
        <prop k="interval" v="3"/>
        <prop k="interval_map_unit_scale" v="3x:0,0,0,0,0,0"/>
        <prop k="interval_unit" v="MM"/>
        <prop k="offset" v="0"/>
        <prop k="offset_along_line" v="0"/>
        <prop k="offset_along_line_map_unit_scale" v="3x:0,0,0,0,0,0"/>
        <prop k="offset_along_line_unit" v="MM"/>
        <prop k="offset_map_unit_scale" v="3x:0,0,0,0,0,0"/>
        <prop k="offset_unit" v="MM"/>
        <prop k="placement" v="centralpoint"/>
        <prop k="ring_filter" v="0"/>
        <prop k="rotate" v="1"/>
        <data_defined_properties>
          <Option type="Map">
            <Option type="QString" value="" name="name"/>
            <Option name="properties"/>
            <Option type="QString" value="collection" name="type"/>
          </Option>
        </data_defined_properties>
        <symbol clip_to_extent="1" force_rhr="0" type="marker" alpha="1" name="@Tubería@2">
          <layer enabled="1" class="SimpleMarker" pass="0" locked="0">
            <prop k="angle" v="90"/>
            <prop k="color" v="0,0,255,255"/>
            <prop k="horizontal_anchor_point" v="1"/>
            <prop k="joinstyle" v="bevel"/>
            <prop k="name" v="right_half_triangle"/>
            <prop k="offset" v="0,0"/>
            <prop k="offset_map_unit_scale" v="3x:0,0,0,0,0,0"/>
            <prop k="offset_unit" v="MM"/>
            <prop k="outline_color" v="35,35,35,0"/>
            <prop k="outline_style" v="solid"/>
            <prop k="outline_width" v="0"/>
            <prop k="outline_width_map_unit_scale" v="3x:0,0,0,0,0,0"/>
            <prop k="outline_width_unit" v="MM"/>
            <prop k="scale_method" v="diameter"/>
            <prop k="size" v="1.2"/>
            <prop k="size_map_unit_scale" v="3x:0,0,0,0,0,0"/>
            <prop k="size_unit" v="MM"/>
            <prop k="vertical_anchor_point" v="1"/>
            <effect type="effectStack" enabled="1">
              <effect type="dropShadow">
                <prop k="blend_mode" v="13"/>
                <prop k="blur_level" v="2.645"/>
                <prop k="blur_unit" v="MM"/>
                <prop k="blur_unit_scale" v="3x:0,0,0,0,0,0"/>
                <prop k="color" v="0,0,0,255"/>
                <prop k="draw_mode" v="2"/>
                <prop k="enabled" v="0"/>
                <prop k="offset_angle" v="135"/>
                <prop k="offset_distance" v="2"/>
                <prop k="offset_unit" v="MM"/>
                <prop k="offset_unit_scale" v="3x:0,0,0,0,0,0"/>
                <prop k="opacity" v="1"/>
              </effect>
              <effect type="outerGlow">
                <prop k="blend_mode" v="15"/>
                <prop k="blur_level" v="2.645"/>
                <prop k="blur_unit" v="MM"/>
                <prop k="blur_unit_scale" v="3x:0,0,0,0,0,0"/>
                <prop k="color1" v="0,0,255,255"/>
                <prop k="color2" v="0,255,0,255"/>
                <prop k="color_type" v="0"/>
                <prop k="discrete" v="0"/>
                <prop k="draw_mode" v="2"/>
                <prop k="enabled" v="1"/>
                <prop k="opacity" v="0.8"/>
                <prop k="rampType" v="gradient"/>
                <prop k="single_color" v="255,255,255,255"/>
                <prop k="spread" v="1"/>
                <prop k="spread_unit" v="MM"/>
                <prop k="spread_unit_scale" v="3x:0,0,0,0,0,0"/>
              </effect>
              <effect type="drawSource">
                <prop k="blend_mode" v="0"/>
                <prop k="draw_mode" v="2"/>
                <prop k="enabled" v="1"/>
                <prop k="opacity" v="1"/>
              </effect>
              <effect type="innerShadow">
                <prop k="blend_mode" v="13"/>
                <prop k="blur_level" v="2.645"/>
                <prop k="blur_unit" v="MM"/>
                <prop k="blur_unit_scale" v="3x:0,0,0,0,0,0"/>
                <prop k="color" v="0,0,0,255"/>
                <prop k="draw_mode" v="2"/>
                <prop k="enabled" v="0"/>
                <prop k="offset_angle" v="135"/>
                <prop k="offset_distance" v="2"/>
                <prop k="offset_unit" v="MM"/>
                <prop k="offset_unit_scale" v="3x:0,0,0,0,0,0"/>
                <prop k="opacity" v="1"/>
              </effect>
              <effect type="innerGlow">
                <prop k="blend_mode" v="0"/>
                <prop k="blur_level" v="2.645"/>
                <prop k="blur_unit" v="MM"/>
                <prop k="blur_unit_scale" v="3x:0,0,0,0,0,0"/>
                <prop k="color1" v="0,0,255,255"/>
                <prop k="color2" v="0,255,0,255"/>
                <prop k="color_type" v="0"/>
                <prop k="discrete" v="0"/>
                <prop k="draw_mode" v="2"/>
                <prop k="enabled" v="0"/>
                <prop k="opacity" v="0.5"/>
                <prop k="rampType" v="gradient"/>
                <prop k="single_color" v="255,255,255,255"/>
                <prop k="spread" v="2"/>
                <prop k="spread_unit" v="MM"/>
                <prop k="spread_unit_scale" v="3x:0,0,0,0,0,0"/>
              </effect>
            </effect>
            <data_defined_properties>
              <Option type="Map">
                <Option type="QString" value="" name="name"/>
                <Option name="properties"/>
                <Option type="QString" value="collection" name="type"/>
              </Option>
            </data_defined_properties>
          </layer>
        </symbol>
      </layer>
      <layer enabled="1" class="MarkerLine" pass="0" locked="0">
        <prop k="average_angle_length" v="4"/>
        <prop k="average_angle_map_unit_scale" v="3x:0,0,0,0,0,0"/>
        <prop k="average_angle_unit" v="MM"/>
        <prop k="interval" v="3"/>
        <prop k="interval_map_unit_scale" v="3x:0,0,0,0,0,0"/>
        <prop k="interval_unit" v="MM"/>
        <prop k="offset" v="0"/>
        <prop k="offset_along_line" v="0"/>
        <prop k="offset_along_line_map_unit_scale" v="3x:0,0,0,0,0,0"/>
        <prop k="offset_along_line_unit" v="MM"/>
        <prop k="offset_map_unit_scale" v="3x:0,0,0,0,0,0"/>
        <prop k="offset_unit" v="MM"/>
        <prop k="placement" v="vertex"/>
        <prop k="ring_filter" v="0"/>
        <prop k="rotate" v="1"/>
        <data_defined_properties>
          <Option type="Map">
            <Option type="QString" value="" name="name"/>
            <Option name="properties"/>
            <Option type="QString" value="collection" name="type"/>
          </Option>
        </data_defined_properties>
        <symbol clip_to_extent="1" force_rhr="0" type="marker" alpha="1" name="@Tubería@3">
          <layer enabled="1" class="SimpleMarker" pass="0" locked="0">
            <prop k="angle" v="0"/>
            <prop k="color" v="0,0,255,255"/>
            <prop k="horizontal_anchor_point" v="1"/>
            <prop k="joinstyle" v="bevel"/>
            <prop k="name" v="circle"/>
            <prop k="offset" v="0,0"/>
            <prop k="offset_map_unit_scale" v="3x:0,0,0,0,0,0"/>
            <prop k="offset_unit" v="MM"/>
            <prop k="outline_color" v="35,35,35,0"/>
            <prop k="outline_style" v="solid"/>
            <prop k="outline_width" v="0"/>
            <prop k="outline_width_map_unit_scale" v="3x:0,0,0,0,0,0"/>
            <prop k="outline_width_unit" v="MM"/>
            <prop k="scale_method" v="diameter"/>
            <prop k="size" v="1"/>
            <prop k="size_map_unit_scale" v="3x:0,0,0,0,0,0"/>
            <prop k="size_unit" v="MM"/>
            <prop k="vertical_anchor_point" v="1"/>
            <data_defined_properties>
              <Option type="Map">
                <Option type="QString" value="" name="name"/>
                <Option name="properties"/>
                <Option type="QString" value="collection" name="type"/>
              </Option>
            </data_defined_properties>
          </layer>
        </symbol>
      </layer>
    </symbol>
    <symbol clip_to_extent="1" force_rhr="0" type="marker" alpha="1" name="Válvula de aire" tags="Riego">
      <layer enabled="1" class="SimpleMarker" pass="0" locked="0">
        <prop k="angle" v="0"/>
        <prop k="color" v="255,255,255,255"/>
        <prop k="horizontal_anchor_point" v="1"/>
        <prop k="joinstyle" v="bevel"/>
        <prop k="name" v="semi_circle"/>
        <prop k="offset" v="0,0"/>
        <prop k="offset_map_unit_scale" v="3x:0,0,0,0,0,0"/>
        <prop k="offset_unit" v="MM"/>
        <prop k="outline_color" v="0,0,0,255"/>
        <prop k="outline_style" v="solid"/>
        <prop k="outline_width" v="0"/>
        <prop k="outline_width_map_unit_scale" v="3x:0,0,0,0,0,0"/>
        <prop k="outline_width_unit" v="MM"/>
        <prop k="scale_method" v="diameter"/>
        <prop k="size" v="4"/>
        <prop k="size_map_unit_scale" v="3x:0,0,0,0,0,0"/>
        <prop k="size_unit" v="MM"/>
        <prop k="vertical_anchor_point" v="1"/>
        <data_defined_properties>
          <Option type="Map">
            <Option type="QString" value="" name="name"/>
            <Option name="properties"/>
            <Option type="QString" value="collection" name="type"/>
          </Option>
        </data_defined_properties>
      </layer>
      <layer enabled="1" class="SimpleMarker" pass="0" locked="0">
        <prop k="angle" v="0"/>
        <prop k="color" v="255,0,0,255"/>
        <prop k="horizontal_anchor_point" v="1"/>
        <prop k="joinstyle" v="bevel"/>
        <prop k="name" v="line"/>
        <prop k="offset" v="0,-2.7200000000000002"/>
        <prop k="offset_map_unit_scale" v="3x:0,0,0,0,0,0"/>
        <prop k="offset_unit" v="MM"/>
        <prop k="outline_color" v="35,35,35,255"/>
        <prop k="outline_style" v="solid"/>
        <prop k="outline_width" v="0"/>
        <prop k="outline_width_map_unit_scale" v="3x:0,0,0,0,0,0"/>
        <prop k="outline_width_unit" v="MM"/>
        <prop k="scale_method" v="diameter"/>
        <prop k="size" v="1.44"/>
        <prop k="size_map_unit_scale" v="3x:0,0,0,0,0,0"/>
        <prop k="size_unit" v="MM"/>
        <prop k="vertical_anchor_point" v="1"/>
        <data_defined_properties>
          <Option type="Map">
            <Option type="QString" value="" name="name"/>
            <Option name="properties"/>
            <Option type="QString" value="collection" name="type"/>
          </Option>
        </data_defined_properties>
      </layer>
    </symbol>
    <symbol clip_to_extent="1" force_rhr="0" type="marker" alpha="1" name="Válvula de bola" tags="Riego">
      <layer enabled="1" class="SimpleMarker" pass="0" locked="0">
        <prop k="angle" v="270"/>
        <prop k="color" v="255,255,255,255"/>
        <prop k="horizontal_anchor_point" v="1"/>
        <prop k="joinstyle" v="bevel"/>
        <prop k="name" v="triangle"/>
        <prop k="offset" v="0,1.24999946236582216"/>
        <prop k="offset_map_unit_scale" v="3x:0,0,0,0,0,0"/>
        <prop k="offset_unit" v="MM"/>
        <prop k="outline_color" v="35,35,35,255"/>
        <prop k="outline_style" v="solid"/>
        <prop k="outline_width" v="0"/>
        <prop k="outline_width_map_unit_scale" v="3x:0,0,0,0,0,0"/>
        <prop k="outline_width_unit" v="MM"/>
        <prop k="scale_method" v="diameter"/>
        <prop k="size" v="2.5"/>
        <prop k="size_map_unit_scale" v="3x:0,0,0,0,0,0"/>
        <prop k="size_unit" v="MM"/>
        <prop k="vertical_anchor_point" v="1"/>
        <data_defined_properties>
          <Option type="Map">
            <Option type="QString" value="" name="name"/>
            <Option name="properties"/>
            <Option type="QString" value="collection" name="type"/>
          </Option>
        </data_defined_properties>
      </layer>
      <layer enabled="1" class="SimpleMarker" pass="0" locked="0">
        <prop k="angle" v="90"/>
        <prop k="color" v="255,255,255,255"/>
        <prop k="horizontal_anchor_point" v="1"/>
        <prop k="joinstyle" v="bevel"/>
        <prop k="name" v="triangle"/>
        <prop k="offset" v="0,1.24999946236582216"/>
        <prop k="offset_map_unit_scale" v="3x:0,0,0,0,0,0"/>
        <prop k="offset_unit" v="MM"/>
        <prop k="outline_color" v="0,0,0,255"/>
        <prop k="outline_style" v="solid"/>
        <prop k="outline_width" v="0"/>
        <prop k="outline_width_map_unit_scale" v="3x:0,0,0,0,0,0"/>
        <prop k="outline_width_unit" v="MM"/>
        <prop k="scale_method" v="diameter"/>
        <prop k="size" v="2.5"/>
        <prop k="size_map_unit_scale" v="3x:0,0,0,0,0,0"/>
        <prop k="size_unit" v="MM"/>
        <prop k="vertical_anchor_point" v="1"/>
        <data_defined_properties>
          <Option type="Map">
            <Option type="QString" value="" name="name"/>
            <Option name="properties"/>
            <Option type="QString" value="collection" name="type"/>
          </Option>
        </data_defined_properties>
      </layer>
      <layer enabled="1" class="SimpleMarker" pass="0" locked="0">
        <prop k="angle" v="0"/>
        <prop k="color" v="0,0,0,255"/>
        <prop k="horizontal_anchor_point" v="1"/>
        <prop k="joinstyle" v="bevel"/>
        <prop k="name" v="circle"/>
        <prop k="offset" v="0,0"/>
        <prop k="offset_map_unit_scale" v="3x:0,0,0,0,0,0"/>
        <prop k="offset_unit" v="MM"/>
        <prop k="outline_color" v="35,35,35,0"/>
        <prop k="outline_style" v="solid"/>
        <prop k="outline_width" v="0"/>
        <prop k="outline_width_map_unit_scale" v="3x:0,0,0,0,0,0"/>
        <prop k="outline_width_unit" v="MM"/>
        <prop k="scale_method" v="diameter"/>
        <prop k="size" v="0.987903"/>
        <prop k="size_map_unit_scale" v="3x:0,0,0,0,0,0"/>
        <prop k="size_unit" v="MM"/>
        <prop k="vertical_anchor_point" v="1"/>
        <data_defined_properties>
          <Option type="Map">
            <Option type="QString" value="" name="name"/>
            <Option name="properties"/>
            <Option type="QString" value="collection" name="type"/>
          </Option>
        </data_defined_properties>
      </layer>
      <layer enabled="1" class="SimpleMarker" pass="0" locked="0">
        <prop k="angle" v="0"/>
        <prop k="color" v="255,255,255,0"/>
        <prop k="horizontal_anchor_point" v="1"/>
        <prop k="joinstyle" v="bevel"/>
        <prop k="name" v="circle"/>
        <prop k="offset" v="0,0"/>
        <prop k="offset_map_unit_scale" v="3x:0,0,0,0,0,0"/>
        <prop k="offset_unit" v="MM"/>
        <prop k="outline_color" v="35,35,35,255"/>
        <prop k="outline_style" v="solid"/>
        <prop k="outline_width" v="0"/>
        <prop k="outline_width_map_unit_scale" v="3x:0,0,0,0,0,0"/>
        <prop k="outline_width_unit" v="MM"/>
        <prop k="scale_method" v="diameter"/>
        <prop k="size" v="2.30511"/>
        <prop k="size_map_unit_scale" v="3x:0,0,0,0,0,0"/>
        <prop k="size_unit" v="MM"/>
        <prop k="vertical_anchor_point" v="1"/>
        <data_defined_properties>
          <Option type="Map">
            <Option type="QString" value="" name="name"/>
            <Option name="properties"/>
            <Option type="QString" value="collection" name="type"/>
          </Option>
        </data_defined_properties>
      </layer>
    </symbol>
    <symbol clip_to_extent="1" force_rhr="0" type="marker" alpha="1" name="Válvula de compuerta" tags="Riego">
      <layer enabled="1" class="SimpleMarker" pass="0" locked="0">
        <prop k="angle" v="270"/>
        <prop k="color" v="255,255,255,255"/>
        <prop k="horizontal_anchor_point" v="1"/>
        <prop k="joinstyle" v="bevel"/>
        <prop k="name" v="triangle"/>
        <prop k="offset" v="0,1.24999946236582216"/>
        <prop k="offset_map_unit_scale" v="3x:0,0,0,0,0,0"/>
        <prop k="offset_unit" v="MM"/>
        <prop k="outline_color" v="35,35,35,255"/>
        <prop k="outline_style" v="solid"/>
        <prop k="outline_width" v="0"/>
        <prop k="outline_width_map_unit_scale" v="3x:0,0,0,0,0,0"/>
        <prop k="outline_width_unit" v="MM"/>
        <prop k="scale_method" v="diameter"/>
        <prop k="size" v="2.5"/>
        <prop k="size_map_unit_scale" v="3x:0,0,0,0,0,0"/>
        <prop k="size_unit" v="MM"/>
        <prop k="vertical_anchor_point" v="1"/>
        <data_defined_properties>
          <Option type="Map">
            <Option type="QString" value="" name="name"/>
            <Option name="properties"/>
            <Option type="QString" value="collection" name="type"/>
          </Option>
        </data_defined_properties>
      </layer>
      <layer enabled="1" class="SimpleMarker" pass="0" locked="0">
        <prop k="angle" v="90"/>
        <prop k="color" v="255,255,255,255"/>
        <prop k="horizontal_anchor_point" v="1"/>
        <prop k="joinstyle" v="bevel"/>
        <prop k="name" v="triangle"/>
        <prop k="offset" v="0,1.24999946236582216"/>
        <prop k="offset_map_unit_scale" v="3x:0,0,0,0,0,0"/>
        <prop k="offset_unit" v="MM"/>
        <prop k="outline_color" v="0,0,0,255"/>
        <prop k="outline_style" v="solid"/>
        <prop k="outline_width" v="0"/>
        <prop k="outline_width_map_unit_scale" v="3x:0,0,0,0,0,0"/>
        <prop k="outline_width_unit" v="MM"/>
        <prop k="scale_method" v="diameter"/>
        <prop k="size" v="2.5"/>
        <prop k="size_map_unit_scale" v="3x:0,0,0,0,0,0"/>
        <prop k="size_unit" v="MM"/>
        <prop k="vertical_anchor_point" v="1"/>
        <data_defined_properties>
          <Option type="Map">
            <Option type="QString" value="" name="name"/>
            <Option name="properties"/>
            <Option type="QString" value="collection" name="type"/>
          </Option>
        </data_defined_properties>
      </layer>
    </symbol>
    <symbol clip_to_extent="1" force_rhr="0" type="marker" alpha="1" name="Válvula de globo" tags="Riego">
      <layer enabled="1" class="SimpleMarker" pass="0" locked="0">
        <prop k="angle" v="270"/>
        <prop k="color" v="255,255,255,255"/>
        <prop k="horizontal_anchor_point" v="1"/>
        <prop k="joinstyle" v="bevel"/>
        <prop k="name" v="triangle"/>
        <prop k="offset" v="0,1.24999946236582216"/>
        <prop k="offset_map_unit_scale" v="3x:0,0,0,0,0,0"/>
        <prop k="offset_unit" v="MM"/>
        <prop k="outline_color" v="35,35,35,255"/>
        <prop k="outline_style" v="solid"/>
        <prop k="outline_width" v="0"/>
        <prop k="outline_width_map_unit_scale" v="3x:0,0,0,0,0,0"/>
        <prop k="outline_width_unit" v="MM"/>
        <prop k="scale_method" v="diameter"/>
        <prop k="size" v="2.5"/>
        <prop k="size_map_unit_scale" v="3x:0,0,0,0,0,0"/>
        <prop k="size_unit" v="MM"/>
        <prop k="vertical_anchor_point" v="1"/>
        <data_defined_properties>
          <Option type="Map">
            <Option type="QString" value="" name="name"/>
            <Option name="properties"/>
            <Option type="QString" value="collection" name="type"/>
          </Option>
        </data_defined_properties>
      </layer>
      <layer enabled="1" class="SimpleMarker" pass="0" locked="0">
        <prop k="angle" v="90"/>
        <prop k="color" v="255,255,255,255"/>
        <prop k="horizontal_anchor_point" v="1"/>
        <prop k="joinstyle" v="bevel"/>
        <prop k="name" v="triangle"/>
        <prop k="offset" v="0,1.24999946236582216"/>
        <prop k="offset_map_unit_scale" v="3x:0,0,0,0,0,0"/>
        <prop k="offset_unit" v="MM"/>
        <prop k="outline_color" v="0,0,0,255"/>
        <prop k="outline_style" v="solid"/>
        <prop k="outline_width" v="0"/>
        <prop k="outline_width_map_unit_scale" v="3x:0,0,0,0,0,0"/>
        <prop k="outline_width_unit" v="MM"/>
        <prop k="scale_method" v="diameter"/>
        <prop k="size" v="2.5"/>
        <prop k="size_map_unit_scale" v="3x:0,0,0,0,0,0"/>
        <prop k="size_unit" v="MM"/>
        <prop k="vertical_anchor_point" v="1"/>
        <data_defined_properties>
          <Option type="Map">
            <Option type="QString" value="" name="name"/>
            <Option name="properties"/>
            <Option type="QString" value="collection" name="type"/>
          </Option>
        </data_defined_properties>
      </layer>
      <layer enabled="1" class="SimpleMarker" pass="0" locked="0">
        <prop k="angle" v="0"/>
        <prop k="color" v="0,0,0,255"/>
        <prop k="horizontal_anchor_point" v="1"/>
        <prop k="joinstyle" v="bevel"/>
        <prop k="name" v="circle"/>
        <prop k="offset" v="0,0"/>
        <prop k="offset_map_unit_scale" v="3x:0,0,0,0,0,0"/>
        <prop k="offset_unit" v="MM"/>
        <prop k="outline_color" v="35,35,35,0"/>
        <prop k="outline_style" v="solid"/>
        <prop k="outline_width" v="0"/>
        <prop k="outline_width_map_unit_scale" v="3x:0,0,0,0,0,0"/>
        <prop k="outline_width_unit" v="MM"/>
        <prop k="scale_method" v="diameter"/>
        <prop k="size" v="0.987903"/>
        <prop k="size_map_unit_scale" v="3x:0,0,0,0,0,0"/>
        <prop k="size_unit" v="MM"/>
        <prop k="vertical_anchor_point" v="1"/>
        <data_defined_properties>
          <Option type="Map">
            <Option type="QString" value="" name="name"/>
            <Option name="properties"/>
            <Option type="QString" value="collection" name="type"/>
          </Option>
        </data_defined_properties>
      </layer>
    </symbol>
    <symbol clip_to_extent="1" force_rhr="0" type="marker" alpha="1" name="Válvula de mariposa" tags="Riego">
      <layer enabled="1" class="SimpleMarker" pass="0" locked="0">
        <prop k="angle" v="0"/>
        <prop k="color" v="255,0,0,255"/>
        <prop k="horizontal_anchor_point" v="1"/>
        <prop k="joinstyle" v="bevel"/>
        <prop k="name" v="line"/>
        <prop k="offset" v="-2.94117647058823417,0"/>
        <prop k="offset_map_unit_scale" v="3x:0,0,0,0,0,0"/>
        <prop k="offset_unit" v="MM"/>
        <prop k="outline_color" v="35,35,35,255"/>
        <prop k="outline_style" v="solid"/>
        <prop k="outline_width" v="0"/>
        <prop k="outline_width_map_unit_scale" v="3x:0,0,0,0,0,0"/>
        <prop k="outline_width_unit" v="MM"/>
        <prop k="scale_method" v="diameter"/>
        <prop k="size" v="2.20587"/>
        <prop k="size_map_unit_scale" v="3x:0,0,0,0,0,0"/>
        <prop k="size_unit" v="MM"/>
        <prop k="vertical_anchor_point" v="1"/>
        <data_defined_properties>
          <Option type="Map">
            <Option type="QString" value="" name="name"/>
            <Option name="properties"/>
            <Option type="QString" value="collection" name="type"/>
          </Option>
        </data_defined_properties>
      </layer>
      <layer enabled="1" class="SimpleMarker" pass="0" locked="0">
        <prop k="angle" v="0"/>
        <prop k="color" v="255,0,0,255"/>
        <prop k="horizontal_anchor_point" v="1"/>
        <prop k="joinstyle" v="bevel"/>
        <prop k="name" v="line"/>
        <prop k="offset" v="2.94117647058823417,0"/>
        <prop k="offset_map_unit_scale" v="3x:0,0,0,0,0,0"/>
        <prop k="offset_unit" v="MM"/>
        <prop k="outline_color" v="35,35,35,255"/>
        <prop k="outline_style" v="solid"/>
        <prop k="outline_width" v="0"/>
        <prop k="outline_width_map_unit_scale" v="3x:0,0,0,0,0,0"/>
        <prop k="outline_width_unit" v="MM"/>
        <prop k="scale_method" v="diameter"/>
        <prop k="size" v="2.20587"/>
        <prop k="size_map_unit_scale" v="3x:0,0,0,0,0,0"/>
        <prop k="size_unit" v="MM"/>
        <prop k="vertical_anchor_point" v="1"/>
        <data_defined_properties>
          <Option type="Map">
            <Option type="QString" value="" name="name"/>
            <Option name="properties"/>
            <Option type="QString" value="collection" name="type"/>
          </Option>
        </data_defined_properties>
      </layer>
      <layer enabled="1" class="SimpleMarker" pass="0" locked="0">
        <prop k="angle" v="110.5"/>
        <prop k="color" v="255,0,0,255"/>
        <prop k="horizontal_anchor_point" v="1"/>
        <prop k="joinstyle" v="bevel"/>
        <prop k="name" v="line"/>
        <prop k="offset" v="0,0"/>
        <prop k="offset_map_unit_scale" v="3x:0,0,0,0,0,0"/>
        <prop k="offset_unit" v="MM"/>
        <prop k="outline_color" v="35,35,35,255"/>
        <prop k="outline_style" v="solid"/>
        <prop k="outline_width" v="0"/>
        <prop k="outline_width_map_unit_scale" v="3x:0,0,0,0,0,0"/>
        <prop k="outline_width_unit" v="MM"/>
        <prop k="scale_method" v="diameter"/>
        <prop k="size" v="5"/>
        <prop k="size_map_unit_scale" v="3x:0,0,0,0,0,0"/>
        <prop k="size_unit" v="MM"/>
        <prop k="vertical_anchor_point" v="1"/>
        <data_defined_properties>
          <Option type="Map">
            <Option type="QString" value="" name="name"/>
            <Option name="properties"/>
            <Option type="QString" value="collection" name="type"/>
          </Option>
        </data_defined_properties>
      </layer>
      <layer enabled="1" class="SimpleMarker" pass="0" locked="0">
        <prop k="angle" v="0"/>
        <prop k="color" v="255,255,255,255"/>
        <prop k="horizontal_anchor_point" v="1"/>
        <prop k="joinstyle" v="bevel"/>
        <prop k="name" v="circle"/>
        <prop k="offset" v="0,0"/>
        <prop k="offset_map_unit_scale" v="3x:0,0,0,0,0,0"/>
        <prop k="offset_unit" v="MM"/>
        <prop k="outline_color" v="35,35,35,255"/>
        <prop k="outline_style" v="solid"/>
        <prop k="outline_width" v="0"/>
        <prop k="outline_width_map_unit_scale" v="3x:0,0,0,0,0,0"/>
        <prop k="outline_width_unit" v="MM"/>
        <prop k="scale_method" v="diameter"/>
        <prop k="size" v="1.76471"/>
        <prop k="size_map_unit_scale" v="3x:0,0,0,0,0,0"/>
        <prop k="size_unit" v="MM"/>
        <prop k="vertical_anchor_point" v="1"/>
        <data_defined_properties>
          <Option type="Map">
            <Option type="QString" value="" name="name"/>
            <Option name="properties"/>
            <Option type="QString" value="collection" name="type"/>
          </Option>
        </data_defined_properties>
      </layer>
    </symbol>
    <symbol clip_to_extent="1" force_rhr="0" type="marker" alpha="1" name="Válvula de retención" tags="Riego">
      <layer enabled="1" class="SimpleMarker" pass="0" locked="0">
        <prop k="angle" v="0"/>
        <prop k="color" v="255,0,0,255"/>
        <prop k="horizontal_anchor_point" v="1"/>
        <prop k="joinstyle" v="bevel"/>
        <prop k="name" v="line"/>
        <prop k="offset" v="-2.43902439024390194,0"/>
        <prop k="offset_map_unit_scale" v="3x:0,0,0,0,0,0"/>
        <prop k="offset_unit" v="MM"/>
        <prop k="outline_color" v="35,35,35,255"/>
        <prop k="outline_style" v="solid"/>
        <prop k="outline_width" v="0"/>
        <prop k="outline_width_map_unit_scale" v="3x:0,0,0,0,0,0"/>
        <prop k="outline_width_unit" v="MM"/>
        <prop k="scale_method" v="diameter"/>
        <prop k="size" v="1.82926"/>
        <prop k="size_map_unit_scale" v="3x:0,0,0,0,0,0"/>
        <prop k="size_unit" v="MM"/>
        <prop k="vertical_anchor_point" v="1"/>
        <data_defined_properties>
          <Option type="Map">
            <Option type="QString" value="" name="name"/>
            <Option name="properties"/>
            <Option type="QString" value="collection" name="type"/>
          </Option>
        </data_defined_properties>
      </layer>
      <layer enabled="1" class="SimpleMarker" pass="0" locked="0">
        <prop k="angle" v="0"/>
        <prop k="color" v="255,0,0,255"/>
        <prop k="horizontal_anchor_point" v="1"/>
        <prop k="joinstyle" v="bevel"/>
        <prop k="name" v="line"/>
        <prop k="offset" v="2.43902439024390194,0"/>
        <prop k="offset_map_unit_scale" v="3x:0,0,0,0,0,0"/>
        <prop k="offset_unit" v="MM"/>
        <prop k="outline_color" v="35,35,35,255"/>
        <prop k="outline_style" v="solid"/>
        <prop k="outline_width" v="0"/>
        <prop k="outline_width_map_unit_scale" v="3x:0,0,0,0,0,0"/>
        <prop k="outline_width_unit" v="MM"/>
        <prop k="scale_method" v="diameter"/>
        <prop k="size" v="1.82926"/>
        <prop k="size_map_unit_scale" v="3x:0,0,0,0,0,0"/>
        <prop k="size_unit" v="MM"/>
        <prop k="vertical_anchor_point" v="1"/>
        <data_defined_properties>
          <Option type="Map">
            <Option type="QString" value="" name="name"/>
            <Option name="properties"/>
            <Option type="QString" value="collection" name="type"/>
          </Option>
        </data_defined_properties>
      </layer>
      <layer enabled="1" class="SimpleMarker" pass="0" locked="0">
        <prop k="angle" v="110.5"/>
        <prop k="color" v="255,0,0,255"/>
        <prop k="horizontal_anchor_point" v="1"/>
        <prop k="joinstyle" v="bevel"/>
        <prop k="name" v="line"/>
        <prop k="offset" v="0,0"/>
        <prop k="offset_map_unit_scale" v="3x:0,0,0,0,0,0"/>
        <prop k="offset_unit" v="MM"/>
        <prop k="outline_color" v="35,35,35,255"/>
        <prop k="outline_style" v="solid"/>
        <prop k="outline_width" v="0"/>
        <prop k="outline_width_map_unit_scale" v="3x:0,0,0,0,0,0"/>
        <prop k="outline_width_unit" v="MM"/>
        <prop k="scale_method" v="diameter"/>
        <prop k="size" v="5"/>
        <prop k="size_map_unit_scale" v="3x:0,0,0,0,0,0"/>
        <prop k="size_unit" v="MM"/>
        <prop k="vertical_anchor_point" v="1"/>
        <data_defined_properties>
          <Option type="Map">
            <Option type="QString" value="" name="name"/>
            <Option name="properties"/>
            <Option type="QString" value="collection" name="type"/>
          </Option>
        </data_defined_properties>
      </layer>
    </symbol>
  </symbols>
  <colorramps/>
  <textformats/>
  <labelsettings/>
  <legendpatchshapes/>
</qgis_style>
